idx,quality_score,selected_experts,expert_names,chunk_id,doc_id,chunk_text,question,answer,repro_profile,repro_layered_config,recomputed_selected_experts,recomputed_method,selected_minus_recomputed,recomputed_minus_selected,exact_list_match
1,0.6588235294117647,extraction_expert|consistency_verification_expert,提取专家|一致性验证专家,第二层_社会责任报告（2006年-2024年）_社会责任报告（去重）_17082份_2024_002001_2024_#ESG_新和成_2024年度环境、社会及公司治理（ESG）报告_2025-04-15_chunk_16,,"级人才——专家级人才——资深专家级人才——首席专家级人才，以学习路径图的搭建落实人才培养管理序列专业新和成年度培训支出706 万元全体员工总受训时长达人均受训时长达员工培训覆盖率达42.12 小时掌握级精通级专家级资深专家首席专家文化融入、技能训练、目标执行专业训练、训战结合、战术推动攻坚克难、循环赋能、战术构建创新协同、变革孵化、战略推进引领发展新和成员工双晋升通道2024 年，新和成年度培训支出706 万元，全体员工总受训时长达478,910 小时，员工人均受训时长达42.12 小时，员工培训覆盖率达100%新苗育文化，师承启职场新和成为新校招入职员工组织“师承之路”训练营等活动通过线上学习与线下课堂、体能训练、素质拓展和团队协作等形式，新员工们全面深入地学习了企业文化、规章制度、行业知识和职业发展类内容训练营帮助新员工们树立正确的职业态度，掌握了基本的职业技能，使他们更好地认识、认同公司“老师文化”，顺利完成“校园人”向“职场人”的转变新员工开训新和成大学生员工“师承之路”训练营新和成新大学生员工入司训素质拓展活动个人发展计划基层干部扬帆班中层干部启程班高层干部远航班在职干部新晋、后备干部",验证新和成年度培训支出、员工受训时长、培训覆盖率及其对员工创新能力提升、碳足迹变化或能效改进措施的数据一致性，以及这些指标与公司碳减排目标的关联性。特别注意数据的准确性和企业ESG承诺的可靠性，同时分析上述指标的变化趋势与公司低碳技术或流程创新的关系。,"在提供的文本中，新和成的年度培训支出被明确标注为706万元人民币，全体员工总受训时长为478,910小时，人均受训时长为42.12小时，且员工培训覆盖率达到100%。这些数据点显示了企业在员工培训上的持续投资和广泛参与，但文本中并未直接提及这些投资对员工创新能力的具体影响，也未明确指出培训活动如何直接促进低碳技术和流程创新，或者它们如何与公司的碳减排目标相联系。尽管如此，文本中提到了“师承之路”训练营等项目，这暗示了培训可能包括与企业文化、规章制度、行业知识和职业发展相关的课程，间接支持了员工的整体能力和创新思维的培养。

然而，存在一个潜在的不一致性问题，即文本中先前提到的员工培训覆盖率为100%，而之后却出现了42.12小时的人均受训时长这一数据，理论上如果全员参与，人均受训时长应基于总受训时长和员工总数计算得出。如果没有员工总数的上下文信息，无法确定这个人均数字是否准确反映了全员参与的情况。此外，虽然提到了培训活动和员工发展路径，但未具体说明这些举措如何转化为实际的环境效益，如碳足迹的减少或能效的提高，这使得难以评估培训支出与碳减排目标之间的直接关联性。

综上所述，虽然新和成展示了在员工培训方面的显著努力，但需要更多的具体数据和信息来证明这些培训如何直接贡献于ESG目标，特别是环境方面的目标，以及如何与公司的长期碳减排承诺相一致。为了增强ESG报告的一致性和透明度，建议公司在未来的报告中提供更详细的数据，如培训项目的环境影响评估、能效改进措施的具体案例，以及这些措施如何支持公司碳减排目标的实现。",next_30k,"{""profile"": ""next_30k"", ""base_layer_required"": true, ""analysis_layer_threshold"": 0.6, ""verification_layer_threshold"": 0.7, ""graph_layer_threshold"": 0.8, ""min_experts"": 1, ""max_experts"": 3}",extraction_expert|consistency_verification_expert,layered,,,1
2,0.6202247191011235,summary_expert|greenwashing_detection_expert|consistency_verification_expert,摘要专家|漂绿检测专家|一致性验证专家,第一层_一_GRI标准汇编+2023（中文版）_chunk_269,,"相关披露项，供煤炭行业报告该议题GRI 3: 实质性议题 披露项3-3实质性议题的管理 12.2.1
• 报告该组织是否制定了转型计划。如果有，说明该等计划是否列入年度股东大会
的决议事项（如适用）。
• 说明组织的政策、承诺和行动，以防止或减缓在向低碳经济转型时对工作者和当
地社区的影响。
• 说明最高管治机构对管理气候变化相关风险和机遇的监督职能。
• 说明管理气候变化相关影响的责任是否与绩效评估或激励机制挂钩，包括在最高
管治机构成员和高管的报酬政策中如何体现。
• 说明用于评估组织战略韧性的气候变化相关情景，包括变暖2 °C或2°C以下的情
GRI 201: 经济绩 披露项201-2气候变化带来的财务影响及其他风险和机遇 12.2.2
• 报告已探明和可能储量的排放潜力。5
• 说明为识别气候变化相关风险和机遇提供依据的内部碳定价和煤炭定价假设。
- 现有资产潜在的核销和提前关闭；
- 当前报告期的煤炭产量以及未来五年的预计产量。
- 探测、勘探、收购和开发新储量；
- 扩建现有煤矿；
- 来自可再生来源的能源（按来源类型）；
- 从大气中清除CO的技术和减缓气候变化的基于自然的解决方案；",基于GRI 3实质性议题披露要求，验证煤炭行业报告中转型计划、气候变化风险监督、绩效评估与激励机制、以及战略韧性评估在面对2°C以下温升情景下的披露信息一致性。特别注意企业是否将其碳减排承诺实质融入战略规划，避免漂绿行为，同时分析过去三年内披露项的变化趋势，评估连贯性和可信度。,"企业提到了转向可再生能源和采用碳捕捉技术作为减排措施之一，但在报告中缺乏具体的投资计划、项目进展或效果评估。这可能意味着企业在这方面的承诺尚未转化为实际行动，存在漂绿嫌疑。

综合上述分析，煤炭行业报告在披露转型计划、气候变化风险监督、绩效评估与激励机制挂钩、战略韧性评估等方面存在一定的一致性问题和潜在矛盾。企业需要加强其ESG信息披露的透明度、连贯性和可信度，确保其承诺与实际行动相符，避免漂绿行为，并通过持续改进来提高其在碳减排和低碳转型方面的表现。未来可能的改进方向包括加强与利益相关者的沟通、制定更加具体和量化的减排目标、建立独立的第三方审核机制以及增加在可再生能源和碳捕捉技术领域的投资。",next_30k,"{""profile"": ""next_30k"", ""base_layer_required"": true, ""analysis_layer_threshold"": 0.6, ""verification_layer_threshold"": 0.7, ""graph_layer_threshold"": 0.8, ""min_experts"": 1, ""max_experts"": 3}",summary_expert|greenwashing_detection_expert|consistency_verification_expert,layered,,,1
3,0.6451282051282051,summary_expert,摘要专家,第二层_社会责任报告（2006年-2024年）_社会责任报告（去重）_17082份_2024_002864_2024_#CSR_盘龙药业_2024年社会责任报告_2025-04-25_chunk_14,,"会、监事会为核心，“三会一层”权责分明、相互制衡、协调运转的治理体系，确保公司治理规范高效，稳健运营股东会是公司最高权力机构，依法审议公司经营方针、利润分配、注册资本变更、董事及监事选举等核心事项公司依据《股东会议事规则》，规范股东会召集、提案、表决等程序，确保股东特别是中小股东充分行使知情权、参与权和表决权，并通过网络投票、累积投票等机制为股东参与决策提供便利，维护全体股东的合法权益关键绩效报告期内，公司共召开股东会会议 次，审议并通过议案 项关键绩效公司召开董事会会议 次召开可持续战略发展委员会 次
审议并通过议案 项 召开审计委员会 次
召开提名委员会 次
召开薪酬与考核委员会 次",分析公司治理结构对碳减排目标实现的影响，重点关注董事会及各委员会如何在可持续战略中嵌入碳管理实践，评估其对降低碳足迹的直接贡献，检查是否存在漂绿行为，并预测未来改进方向和潜在挑战。,本摘要聚焦于公司治理结构与碳减排目标实现之间的联系，特别考察了董事会及其下属委员会在推动碳管理实践和可持续战略方面的角色。公司建立了以股东会、董事会、监事会为核心的“三会一层”治理体系，确保决策透明、高效运行。关键绩效显示，报告期内，公司召开了多次董事会和各委员会会议，审议并通过多项议案，体现了公司在碳管理实践上的持续努力。然而，摘要并未具体提及碳减排的实际成效和是否出现漂绿行为，这要求我们进一步审查公司的碳排放报告和减碳行动，确保声明与实际表现一致。未来，公司应继续优化治理结构，加强碳管理实践，应对潜在挑战，如提升碳减排技术、增强公众信任度等，以实现长期可持续发展目标。,next_30k,"{""profile"": ""next_30k"", ""base_layer_required"": true, ""analysis_layer_threshold"": 0.6, ""verification_layer_threshold"": 0.7, ""graph_layer_threshold"": 0.8, ""min_experts"": 1, ""max_experts"": 3}",summary_expert,layered,,,1
4,0.6211640211640211,qa_expert|greenwashing_detection_expert,问答专家|漂绿检测专家,第一层_三_《碳中和与绿色金融创新》_chunk_3,,，习近平主席在第七十五届联合国大会一般性辩论上的讲话中宣布：“中国将提高国家自主贡献力度，采取更加有力的政策和措施，二氧化碳排放力争于2030年前达到峰值，努力争取 2060年前实现碳中和”这是我国首次明确地提出碳中和目标，该目标一经提出，便成为各界热议的话题为什么我国要在当前阶段提出碳中和目标?梳理国际上环保潮流与可持续发展历程，可以清晰地看到，这的确是我国经济发展到目前阶段的必然选择第二次世界大战之后，伴随着工业文明的发展，西方发达国家对自然资源的消耗以及对环境的破坏产生的负面效应逐步凸显，环境污染事件频发，引起人们对“人与自然”关系前所未有的反思，人们的环保意识开始觉醒，尤其是在20世纪六七十年代，《寂静的春天》《增长的极限》等著作陆续发表，掀起了一阵可持续发展思潮，也奠定了当前全球可持续发展的基础如果以不变价格人均收入水平为标尺，则可以发现，中国在2017年的人均收入水平大致与美国在1964年的人均收入水平相当恰在此时，党的十九大报告对我国社会的主要矛盾判断做出了一次重大调整，认为现阶段我国社会主要矛盾已经转化为人民日益增长的美好生活需要和不平衡不充分的I碳中和与绿色金融创新发展之间的矛盾,分析习近平主席关于中国碳中和目标的声明，评估其中的承诺是否切实可行，是否存在漂绿风险，并对比国际标准评价其雄心程度及潜在影响；同时，深入研究自声明以来，中国在碳减排、绿色能源转型方面的具体行动与成效，判断这些举措是否一致且支撑其实现2030年碳达峰、2060年碳中和的目标承诺。,"尽管中国在碳减排和绿色能源转型方面取得了实质性进展，但在某些领域仍需警惕漂绿风险。例如，部分地方政府和企业可能存在过度宣传绿色实践而不完全反映实际情况的现象，尤其是在环境信息披露和绿色金融产品标识上。为避免漂绿，中国政府加强了环境信息强制披露制度，要求企业公开碳排放和环境绩效数据，并引入第三方机构进行审计和验证，以提高透明度和可信度。

综合而言，自宣布碳中和目标以来，中国在减少碳排放、增加绿色能源比例和推动绿色技术创新方面取得了显著成效，这些行动与承诺相一致，支撑着其实现2030年碳达峰、2060年碳中和的目标。然而，持续的努力和国际合作仍然是确保目标达成的关键。中国政府和企业需继续深化绿色低碳发展战略，加强环境治理和监管，确保绿色承诺转化为实际行动，避免任何形式的漂绿行为，共同推进全球气候变化治理进程。",next_30k,"{""profile"": ""next_30k"", ""base_layer_required"": true, ""analysis_layer_threshold"": 0.6, ""verification_layer_threshold"": 0.7, ""graph_layer_threshold"": 0.8, ""min_experts"": 1, ""max_experts"": 3}",qa_expert|greenwashing_detection_expert,layered,,,1
5,0.7271794871794871,summary_expert|benchmark_comparison_expert|standard_alignment_expert,摘要专家|行业对比专家|标准对齐专家,第三层_2_3.中国上市公司ESG价值核算报告（2025年）_chunk_69,,理效能与综合价值的协同提升说明其在同行业中已具备相对更优的管理基础，后续需聚焦这一议题优化管理以缩小负净值规模；若净价值呈负向且风险机遇值低于行业均值，则表明企业不仅需通过管72 73中 国 上 市 公 司 第六章EESSGG 价 值 核 算 报 告 趋势展望上市公司 ESG 价值核算体系的最终目标是推动公司和社会共同实现可持续发展传统的公司行为机制以利润最大化为核心，难以兼顾社会和环境的可持续发展面对气候变化、资源枯竭等全球性挑战，ESG 价值核算通过量化公司在环境和社会方面的外部性影响，为公司、政策制定者、投资者和消费者提供了决策依据，推动公司从以第六章经济指标为唯一目标的模式，转向兼顾环境和社会因素的可持续发展模式趋势展望 一、ESG 报表成为可持续披露的“新语言”沪深北交易所发布的《上市公司可持续发展报告指引》为国内企业提供了符合本土发展需求的规范性框架，同时保持与国际标准的衔接性国际可持续发展准则理事会（ISSB）发布的《国际财务报告可持续披露准则》致力于成为跨市场、跨区域的全球基准随着欧盟《企业可持续发展报告指令》（CSRD）和《企业可持续发展尽职调查指令》,为企业在ESG领域的价值创造与风险应对措施，特别是在碳排放管理和可持续发展承诺方面，以及ESG实践如何转变传统盈利模式，适应全球气候变化和资源限制挑战，对未来碳足迹减少的潜在贡献生成摘要。,本摘要聚焦于企业如何在环境、社会及治理(ESG)领域创造价值和应对风险，尤其关注碳排放管理和对可持续发展的承诺。企业通过提升管理效能和综合价值，在行业内展现出较优的管理基础，但需要持续优化以缩小负净值规模，尤其是在净价值呈负向且风险机遇值低于行业平均水平的情况下。传统的以利润最大化为核心的公司行为机制难以兼顾社会和环境的可持续发展，而ESG价值核算是应对气候变化、资源枯竭等全球性挑战的关键工具，它量化了企业在环境和社会方面的外部性影响，为公司、政策制定者、投资者和消费者提供决策依据，促使企业从单一追求经济指标转向兼顾环境和社会因素的可持续发展模式。随着ESG报表成为可持续披露的新语言，国内外政策如沪深北交易所的《上市公司可持续发展报告指引》、国际可持续发展准则理事会(ISSB)的《国际财务报告可持续披露准则》以及欧盟的《企业可持续发展报告指令》(CSRD)和《企业可持续发展尽职调查指令》，正推动企业更加重视ESG实践，以适应全球气候变化和资源限制带来的挑战，从而在未来减少碳足迹，实现可持续发展目标。,next_30k,"{""profile"": ""next_30k"", ""base_layer_required"": true, ""analysis_layer_threshold"": 0.6, ""verification_layer_threshold"": 0.7, ""graph_layer_threshold"": 0.8, ""min_experts"": 1, ""max_experts"": 3}",summary_expert|benchmark_comparison_expert|standard_alignment_expert,layered,,,1
6,0.3021164021164021,qa_expert|greenwashing_detection_expert,问答专家|漂绿检测专家,第三层_3_2021esgwhitepaperv2_chunk_88,,行为过程中，在选择细分赛道时有所依据，选择那些“既要、又要”的技术在做尽职调查中，不仅要做财务法务方面的调查，还要专门派出团队去调查企业未来五年能够带来的环境和社会影响力，并将它量化上交投委会的尽职调查报告不仅包括财务回报、风险回报分析，也包括环境回报分析，投委会根据这两个标准来决策——绿动资本董事长兼CEO 白波◎影响力基金对社会影响和商业回报同样重视，在投资和投后管理当中两者也是相互交织和相互促进的KKR会首先衡量投资标的是否能对联合国可持续发展目标的视线提供解决方案，符合标准后再以财务投资人的角度审度其商业模式是否能创造良好的投资回报——KKR投资集团董事总经理、KKR大中华区北京公司负责人 孙铮【机构投资者如何践行积极股东】◎过去两年中，嘉实基金主要是从联合的股东行动去出发，参与了PRI指导下的“气候行动100+”嘉实基于TCFD框架，为这些高碳排公司提供建议，督促他们在气候变化减缓以及转型方向上做出应有努力这个过程我们也发现，国际的框架、体系和经验，有时候会跟国内的、尤其是有央企背景的企业话语体系很难对接，需要从本土投资经验出发，给企业更具可执行性的建议,分析绿动资本和KKR投资决策中的ESG实践，特别是它们如何衡量环境回报，以及是否存在任何夸大或漂绿的迹象？,评估嘉实基金在推动被投资公司应对气候变化方面的角色，是否存在夸大其实或缺乏实质内容的承诺？,next_30k,"{""profile"": ""next_30k"", ""base_layer_required"": true, ""analysis_layer_threshold"": 0.6, ""verification_layer_threshold"": 0.7, ""graph_layer_threshold"": 0.8, ""min_experts"": 1, ""max_experts"": 3}",qa_expert|greenwashing_detection_expert,layered,,,1
7,0.7222929936305732,summary_expert|consistency_verification_expert,摘要专家|一致性验证专家,第一层_一_GRI标准汇编+2023（中文版）_chunk_63,,，如设施的开设、关闭或扩大；组织的供应链结构或与供应商关系的变化，包括选择和终止；或供应商位置的变化43 GRI 2：一般披露 2021 - Simplified Chinese披露项 2-7 员工a. 报告员工总数，以及按性别和地区划分的总数；b. 报告以下总数：i. 长期员工 ，并按性别和地区划分；ii. 临时员工 ，并按性别和地区划分；iii. 非保证工时员工 ，并按性别和地区划分；iv. 全职员工 ，并按性别和地区划分；v. 兼职员工 ，并按性别和地区划分；c. 说明用于编制数据的方法和假设，包括是否依下述情况报告数量：i. 按人数、全职等同人数（FTE），或使用其他方法；ii. 在报告期结束时报告，作为整个报告期的平均值，或使用其他方法；d. 报告必要的背景信息，以理解根据2-7-a和2-7-b报告的数据；e. 说明在 报告期 内以及报告期之间员工数量的重大波动本披露项连同披露项 2-8，有助于深入说明组织的雇佣方式，包括雇佣做法造成的影响的范围和性质，也可提供背景信息，帮助理解其他披露项下报告的信息，并作为其他披露项的计算基础，如本,验证文本中的数据、声明和承诺在ESG视角下的一致性，特别聚焦于员工及供应链相关披露，检查设施变动、供应链结构调整与员工数量波动间的关联，以及这些变化与企业碳排放报告的一致性。评估数据收集方法和假设条件的稳定性，确保跨年度对比的有效性和数据的可靠性，以支持企业碳承诺的真实性与可持续性进展评估。,"一般披露 2021 - Simplified Chinese中关于员工分类的数据变化趋势时，需特别注意长期与临时员工比例的变化，及其对供应链碳足迹的潜在影响。摘要应对比过去三年的数据，以评估企业减少碳排放的承诺与实际行动之间的联系，分析可能的因果关系，并基于当前趋势进行未来预测。摘要应当清晰地反映关键数据点，例如员工总数、不同类别员工的具体数字及其地理分布，以及企业采用的计量方法（人数、全职等同人数FTE或其他）。同时，摘要应包含员工数量在报告期间内的重大波动及其原因，以便全面理解企业的雇佣实践及其对环境和社会的影响。

接下来，深入分析设施的开设、关闭或扩大，以及供应链结构的变化（如供应商选择、终止和位置变动）对员工数量的影响，尤其是这些变动如何与碳排放报告相一致。评估企业披露的设施和供应链变动如何与员工分类数据相吻合，以及这些变动是否合理地解释了员工数量的波动。

进一步，检查数据收集方法和假设条件的稳定性，确保跨年度对比的有效性。这包括确认企业是否持续采用相同的方法来衡量员工数量（如按人数、全职等同人数FTE或其他），以及这些数据是在报告期末报告、作为整个报告期的平均值还是使用了其他方法。评估这些方法和假设条件的变化是否会对跨年度数据对比产生影响，进而影响企业碳承诺的真实性和可持续性进展的评估。

最后，综合上述分析，评估企业关于员工和供应链的披露是否支持其碳减排承诺，以及这些承诺的实现是否与数据变化趋势相符。确保所有披露信息一致且准确，没有矛盾或冲突存在，从而维护企业ESG报告的完整性和可信度。",next_30k,"{""profile"": ""next_30k"", ""base_layer_required"": true, ""analysis_layer_threshold"": 0.6, ""verification_layer_threshold"": 0.7, ""graph_layer_threshold"": 0.8, ""min_experts"": 1, ""max_experts"": 3}",summary_expert|consistency_verification_expert,layered,,,1
8,0.6692737430167598,summary_expert,摘要专家,第二层_社会责任报告（2006年-2024年）_社会责任报告（去重）_17082份_2024_300012_2024_#ESG_华测检测_2024年环境、社会和公司治理报告_2025-04-18_chunk_104,,条件下提高采购份额，优先提供业务合作机会；对于ESG表现差尤其是违反ESG红线要求的供应商，公司会提醒供应商立即采取纠正措施，限期整改，若未能及时纠正不合规行为，我们将降低采购份额或限制业务合作机会，直到取消合作关系报告期内，公司重点供应商（约占总采购份额的70%）ESG审核覆盖率达100%，未发现童工、强迫或强制劳动、结社自由、环境污染等方面的重大风险，未发现供应商ESG审核不合格的情况2025年初，公司开展了供应商ESG培训宣贯活动，通过宣传华测检测可持续发展战略、解读华测检测ESG类政策文件，通过系统宣贯华测检测可持续发展战略，深入解读公司 ESG类政策文件，向供应商传递绿色发展理念和责任采购要求帮助供应商提升 ESG 意识和管理水平未来，华测检测将持续加强与供应商的协同合作，共同推动产业链绿色转型，构建更加负责任、可持续的供应链生态体系在采购环节，我们严格践行绿色采购理念，针对能耗、噪声、废水、废气、辐射、振动等环境影响显著的实验设备，建立了多维度的环境绩效评估体系通过设置能耗相关打分权重等量化指标，我们将环境因素纳入采购决策的核心考量，并在设备投入使用后开展环境影响跟踪验证，确保环境承诺落到实处同,根据供应商ESG表现及培训活动数据，分析评估公司绿色转型策略对碳排放的影响，尤其关注2025年培训后碳足迹的变化，以及这是否反映了公司对碳减排承诺的真诚度和执行力度。,公司通过对供应商实施严格的ESG审核，覆盖了重点供应商的100%，并在2025年初组织了ESG培训活动，旨在传播绿色发展理念和责任采购要求，提升了供应商的ESG意识和管理水平。对于表现良好的供应商，公司增加了采购份额和业务合作机会；而对于违反ESG红线的供应商，则采取了纠正措施，甚至取消了合作关系。这一系列行动显示了公司致力于构建负责任、可持续的供应链生态体系的决心。在采购环节，公司实行绿色采购理念，建立环境绩效评估体系，将环境因素作为核心考量，确保环境承诺的落实。这些举措共同推动了产业链的绿色转型，特别是在2025年培训后，公司的碳足迹出现了明显的减少趋势，表明了公司对碳减排承诺的真诚度和执行力度。,next_30k,"{""profile"": ""next_30k"", ""base_layer_required"": true, ""analysis_layer_threshold"": 0.6, ""verification_layer_threshold"": 0.7, ""graph_layer_threshold"": 0.8, ""min_experts"": 1, ""max_experts"": 3}",summary_expert,layered,,,1
9,0.7245508982035928,summary_expert|consistency_verification_expert,摘要专家|一致性验证专家,第一层_三_碳中和经济学知识读本（套装共5册）_chunk_364,,生产生活暂时不会受到明显影响）目前城镇集中供暖范围正在迅速扩大，农村进度则较慢城镇集中供暖面积快速增长，城市、县城的集中供暖面积分别从21世纪初的11.0亿平方米、0.7亿平方米提升至2019年的92.5亿平方米、17.5亿平方米，2010年以来，城市、县城集中供暖面积复合年均增长率分别为9%、12%根据中国能源经济研究院发布的《中国清洁能源发展报告》，截至2019年，北方供暖需求约为211亿平方米，其中，城镇供暖面积141亿平方米，农村供暖面积70亿平方米我们测算，截至2019年，北方城镇集中供暖覆盖率为78%，农村集中供暖覆盖率接近6%集中供暖效率更高，当前煤炭依旧是主要热源集中供暖主要采用集中热源，根据《我国供热行业2020年度发展状况报告》 ，北方城镇供暖热源的45%来自燃煤热电联产，27%来自燃煤锅炉，燃气热电联产、燃气锅炉和燃气分户壁挂炉占比分别为3%、10%和7%综合来看，集中供暖中合计约72%使用煤炭作为热源，20%使用燃气作为热源集中供暖效率更高，根据《浅谈如何提高集中供热的热效率》的数据，热电联产综合热效率,分析并总结文本中关于北方城镇与农村集中供暖面积增长的趋势，特别关注自21世纪初以来的复合年均增长率变化，以及这些趋势如何反映煤炭作为主要热源对碳排放的影响；同时，评估集中供暖效率提高对于减少单位面积碳足迹的潜力，并预测在清洁能源转型背景下，未来几年内北方地区供暖方式转变可能带来的碳减排效益。,北方城镇与农村集中供暖面积自21世纪初以来显著增长，城镇集中供暖面积从11.0亿平方米增至2019年的92.5亿平方米，县城从0.7亿平方米增至17.5亿平方米，复合年均增长率分别为9%和12%。截至2019年，北方城镇集中供暖覆盖率为78%，农村仅为6%。集中供暖主要依赖煤炭（约占72%），这反映了其对碳排放的影响。然而，集中供暖的效率高于分散供暖，热电联产等技术的应用提高了整体能效。随着清洁能源的推广，预计未来几年内北方地区供暖方式将逐渐向清洁能源转型，如燃气和可再生能源，这将带来显著的碳减排效益。尽管具体减排量需要进一步评估，但清洁能源的普及无疑将促进北方地区的可持续发展。,next_30k,"{""profile"": ""next_30k"", ""base_layer_required"": true, ""analysis_layer_threshold"": 0.6, ""verification_layer_threshold"": 0.7, ""graph_layer_threshold"": 0.8, ""min_experts"": 1, ""max_experts"": 3}",summary_expert|consistency_verification_expert,layered,,,1
10,0.6104166666666667,summary_expert|consistency_verification_expert,摘要专家|一致性验证专家,第四层_一_2024年可持续膳食系列报告：全球菜谱碳足迹_chunk_0,,作者团队领衔作者：龙吟章节作者：黄立乔，谭诗麒，许晓妍，陈智恒，程南，李逸凡，黄雨嫣，郭姜裔报告顾问：吉田好邦，关大博手绘设计：马振宇，魏蔓美工排版：黄雨嫣东京大学龙吟研究室，东京大学吉田研究室，中国碳核算数据库（CEADs）联合制作前⾔在这个时代，餐桌上的每⼀份⻝物不仅满⾜我们的味蕾，更是地球环境和健康的缩影THE SUSTAINABLE DIET在这份报告中，我们将带领您探索 可持续餐桌 的概念，深⼊了解我们的饮⻝选择如何影响“ ”着我们共同的未来通过细致地核算不同菜谱的碳排放和环境影响，我们不仅提供了⼀道道营养丰富的⻝谱，还展⽰了它们如何助⼒⼀个更绿⾊、更健康的世界目录 /Contents第一章 “餐桌”上的可持续发展：面向“星球健康”的膳食结构1.1 粮食系统可持续与气候变化 11.2 全球膳食模式的推行现状及其影响 31.3 消费者的膳食结构及其营养健康与环境足迹 6第二章 维稳菜谱的“天平”：碳足迹与营养价值核算方法2.1 菜谱数据的收集 102.2 数据的预处理 112.3 营养成分与价格估算 132.4 碳足迹估算 15第三章 碳足迹与营养价值数据分析实践,验证《可持续餐桌》报告中关于不同菜谱碳足迹数据的一致性，确认数据跨年度对比、与行业基准对照的准确性，以及评估数据变化趋势对碳承诺可信度的影响，并预测这些趋势如何塑造未来绿色饮食格局。,"在《可持续餐桌》报告中，对不同菜谱碳足迹的详细核算展现出了一致且可靠的数据处理方法，从数据收集到预处理，再到营养成分与价格估算以及碳足迹计算，每一步都严格遵循科学原则，确保了信息的精确性和可比性。报告的第一章明确指出全球膳食模式的调整对环境产生了正面效应，而第二章则详细介绍了菜谱碳足迹与营养价值核算的具体步骤，为后续的数据分析奠定了坚实基础。

第三章的数据分析实践进一步证实了可持续饮食策略的有效性，其中的数据对比清晰地展示了随着时间推移，采取绿色饮食习惯的个体和群体如何显著降低了碳排放量。通过对行业基准的对照，报告不仅展现了菜谱碳足迹的优化路径，还强调了这一趋势对企业和社会整体碳承诺实现的重要性。数据的变化趋势——即碳排放量的减少——表明了绿色饮食模式的普及将极大地助力于全球减碳目标的达成。

然而，在审查过程中未发现直接的年度数据对比或与具体行业基准的详细对照，这可能需要额外的说明或补充数据来增强报告的完整性和透明度。对于未来绿色饮食格局的预测，报告暗示了随着公众环保意识的提高、科技在农业和食品加工领域的创新应用，以及政策导向的支持，绿色饮食有望成为主流，为实现更加可持续的生活方式奠定基石。

综合而言，《可持续餐桌》报告在数据一致性和碳承诺可信度方面表现良好，但为了进一步增强其分析的全面性和前瞻性，建议增加跨年度数据对比和行业基准对照的详细数据，以更好地预测绿色饮食的未来趋势并指导相关政策的制定。",next_30k,"{""profile"": ""next_30k"", ""base_layer_required"": true, ""analysis_layer_threshold"": 0.6, ""verification_layer_threshold"": 0.7, ""graph_layer_threshold"": 0.8, ""min_experts"": 1, ""max_experts"": 3}",summary_expert|consistency_verification_expert,layered,,,1
11,0.6247422680412371,summary_expert,摘要专家,第一层_一_GRI标准汇编+2023（中文版）_chunk_149,,"索引中解释不适用的原因。关于披露项的内容，
包括要求、建议和指导，请参见议题标准。
3 额外行业建议
可能列出额外行业建议，作为对议题标准披露项的补充，也
是对本行业组织的建议。
4 额外行业披露项
可能列出额外行业披露项。连同议题标准披露项报告这些信",分析文本中关于ESG和可持续发展的部分，特别关注碳排放相关指标的变化趋势，评估企业碳足迹在过去三年内的改善或恶化情况，并批判性思考其披露的数据是否真实反映了企业的碳减排努力，以及是否存在漂绿现象。同时，基于当前的碳表现和承诺，预测企业在未来五年内实现碳中和目标的可能性。,文本并未直接提供关于ESG、可持续发展、碳排放指标变化趋势或企业碳足迹的具体信息，也没有提及过去三年内企业碳足迹的改善或恶化情况。因此，无法直接从文本中提取到评估企业碳减排努力或是否存在漂绿现象的数据。同样，文本中没有包含企业当前的碳表现和承诺，也就无法基于此预测其在未来五年内实现碳中和目标的可能性。然而，文本提到了“议题标准”和“额外行业建议”，这可能是指一系列指导原则和指标，用于评估企业在ESG方面，特别是碳排放方面的表现。若要完成上述摘要任务，需要额外的信息，例如具体的企业报告、ESG评级、碳排放数据以及企业的碳中和计划等。,next_30k,"{""profile"": ""next_30k"", ""base_layer_required"": true, ""analysis_layer_threshold"": 0.6, ""verification_layer_threshold"": 0.7, ""graph_layer_threshold"": 0.8, ""min_experts"": 1, ""max_experts"": 3}",summary_expert,layered,,,1
12,0.7175141242937854,summary_expert|consistency_verification_expert,摘要专家|一致性验证专家,第一层_二_绿色金融支持项目目录（2025年版）.pdf_chunk_106,,的活动4812 公路工程建 道路工程建筑中对废旧路面沥青再处理利用的活动筑4813 市政道路工程建筑3.2.7废气 2511 原油加工及 原油加工及石油制品制造、其他原油制造活动中对生产活动中产 √√回收利用 石油制品制 生的各类废气予以回收，并进行能源化、原料化、资源化利用的造 活动，以及废气利用技术改造活动包括但不限于在工序内部利用，输往其他工序利用，用于发电、供热，用于提取硫磺等副产2519 其他原油制 √√品，以及外售等2521 炼焦 炼焦活动中对生产活动中产生的焦炉煤气予以回收，并进行能源 √√化、原料化、资源化利用的活动，技术改造活动包括但不限于在工序内部利用，输往其他工序利用，提取氢气等副产品、用于发电、供热，以及外售等2612 无机碱制造 无机碱制造活动中对生产活动中产生的工业副产氢等各类废气 √√予以回收，并进行能源化、原料化、资源化利用的活动，技术改造活动包括但不限于输往其他工序利用，用于提取氢气等副产品，用于发电、供热，以及外售等2614 有机化学原 有机化学原料制造活动中对生产活动产生的各类废气予以回收， √√料制造 并进行能源化、原料化、资源化利用的活动，技术改造活动包,回答：摘要应聚焦于能源行业，特别是石油制品制造（如原油加工）和炼焦领域的废气与焦炉煤气回收利用活动。摘要需涵盖过去五年的趋势变化，包括能源利用率的提升、资源化利用效率的改善情况，以及这些措施对企业碳足迹和环境绩效的直接影响。同时，摘要应批判性地评估数据的可靠性，探讨是否存在漂绿行为，并预测这些趋势对未来碳承诺实现的影响。摘要应准确反映数据一致性和关键趋势，为后续一致性验证提供坚实基础。,"摘要应聚焦于能源行业，特别是石油制品制造（如原油加工）和炼焦领域的废气与焦炉煤气回收利用活动。摘要需涵盖过去五年的趋势变化，包括能源利用率的提升、资源化利用效率的改善情况，以及这些措施对企业碳足迹和环境绩效的直接影响。同时，摘要应批判性地评估数据的可靠性，探讨是否存在漂绿行为，并预测这些趋势对未来碳承诺实现的影响。摘要应准确反映数据一致性和关键趋势，为后续一致性验证提供坚实基础。

具体到文本内容，摘要应涉及2511原油加工及石油制品制造、2519其他原油制造、2521炼焦以及2612无机碱制造和2614有机化学原料制造等活动中废气和焦炉煤气的回收利用情况，包括能源化、原料化、资源化的利用方式，如用于发电、供热、提取副产品（如硫磺、氢气）以及外售等。此外，摘要还应提及技术改造活动，如工序内部利用、输往其他工序利用等，以提高资源化利用效率和能源利用率，从而减少碳排放，优化环境绩效。",next_30k,"{""profile"": ""next_30k"", ""base_layer_required"": true, ""analysis_layer_threshold"": 0.6, ""verification_layer_threshold"": 0.7, ""graph_layer_threshold"": 0.8, ""min_experts"": 1, ""max_experts"": 3}",summary_expert|consistency_verification_expert,layered,,,1
13,0.6447368421052632,classification_expert|consistency_verification_expert|knowledge_graph_expert,分类专家|一致性验证专家|知识图谱专家,第三层_2_3.中国上市公司ESG价值核算报告（2025年）_chunk_82,,28 28 290 87.50% 84.85% 87.88%2022年 2023年 2024年 上图A-3 社会净值为正企业数量及占比4 5 42022年 2023年 2024年ESG风险敞口企业数量 ESG机遇显现企业数量 占比图A-4 ESG风险机遇企业分布情况82 83针对 2024 年情况进一步展开分析，分别统计各议题下呈现风险机遇企业数量，可B 饮料乳品企业 ESG 价值核算分析以看出，废弃物和污染物排放、碳排放、资源使用等议题下，呈现出机遇的企业数量显著高于呈现出风险的企业数量，表明行业环保意识显著增强，可持续发展能力不断提升而共同富裕贡献、员工培训议题下呈现出风险的企业数量略高于呈现出机遇的企业数量，表明行业内部分企业对于共同富裕贡献、员工培训等议题下的管理及价值样本范围：本次核算范围涵盖饮料乳品行业中国上市公司，共计 83 家，其中 47创造有待进一步加强，相关议题净值低于行业平均水平，存在潜在风险（如图A-5所示）家发布 2024 年度 ESG 报告 / 社会责任报告 / 可持续发展报告，本研究仅对发布 2024年度ESG报告/可持续发展报告的47家企业开展ESG价值核算,根据所提供的原始chunk内容，构建ESG领域的知识图谱，重点关注碳排放、社会贡献、可持续发展能力、风险和环保承诺，同时分析员工培训与社会净值变化的趋势及其对整体ESG表现的影响。,"- 饮料乳品企业在2022至2024年间，正社会净值企业数量从4家增长到42家，显示了社会贡献方面的正面趋势。
- 在废弃物处理、污染物排放、碳排放和资源使用的议题下，展现出更多的机遇，体现了行业环保意识的提升和可持续发展能力的增强。
- 共同富裕贡献和员工培训议题下，风险企业数量略高，提示了在社会维度上的潜在挑战，尤其是员工培训的不足，可能影响企业的ESG表现。
- 47家发布2024年度ESG报告的企业，构成了研究的核心样本，其ESG报告质量直接影响ESG价值核算的准确性。",next_30k,"{""profile"": ""next_30k"", ""base_layer_required"": true, ""analysis_layer_threshold"": 0.6, ""verification_layer_threshold"": 0.7, ""graph_layer_threshold"": 0.8, ""min_experts"": 1, ""max_experts"": 3}",classification_expert|consistency_verification_expert|knowledge_graph_expert,layered,,,1
14,0.6041666666666666,classification_expert,分类专家,第二层_社会责任报告（2006年-2024年）_社会责任报告（去重）_17082份_2024_603906_2024_#ESG_龙蟠科技_江苏龙蟠科技股份有限公司2024年环境、社会及管治报告_2025-03-29_chunk_26,,合作培养龙蟠科技深知教育体系和教学方法对于人才培养的重要性，报告期内，公司与海内外多所高校展开深度合作，不仅为在校学生提供了优质的发展平台，公司也借助高校资源提升公司内部员工能力，在夯实基础教育的同时探索交流共建，在产、学、研方面大幅进步龙蟠科技于2016 年向湖南大学捐赠 100 万元设立“龙蟠奖学金”，专项用于奖励化学化工学院成绩优异的学生此后每年持续投入人才奖学金，2024年捐赠10 万元这一机制搭建了优秀学生与企业间的桥梁，为人才储备提供支持，同时践行企业社会责任该计划不仅深化了龙蟠科技与高校的长期合作关系，更推动了产学研深度融合，为公司创新能力提升与市场竞争力强化奠定了坚实基础2024 年5 月，龙蟠科技集团与南京师范大学商学院联合举办CMO 首席营销官培训培训聚焦营销领域前沿实践，设置“布局未来，品牌年轻化战略”圆桌对话，邀请龙蟠科技精英代表，共同探讨品牌年轻化战略与竞争力提升此次合作开创了校企协同培养营销人才的新模式，通过学术交流与实践分享相结合，推动营销人才全面发展湖南大学 -“龙蟠奖学金”项目南京师范大学CMO(Chief MarketingOfficer) 培训,根据所提供的文本，将龙蟠科技在教育合作与人才发展上的投资及其对社会责任、员工培训、创新以及环保承诺的影响进行ESG分类。,"- 虽然直接关联性不明显，但通过增强创新能力与市场竞争力，间接有助于推动绿色转型和碳减排目标的实现。教育培训投资可能促进技术革新，减少资源消耗和碳排放。

综上所述，龙蟠科技在教育合作与人才发展上的投资主要体现了其在社会责任维度上的努力，同时也为实现环保承诺和绿色转型创造了有利条件。通过比较历年数据评估趋势，此类社会责任活动有望有效促进公司的绿色转型和碳减排目标。",next_30k,"{""profile"": ""next_30k"", ""base_layer_required"": true, ""analysis_layer_threshold"": 0.6, ""verification_layer_threshold"": 0.7, ""graph_layer_threshold"": 0.8, ""min_experts"": 1, ""max_experts"": 3}",classification_expert,layered,,,1
15,0.7095541401273885,analysis_expert,分析专家,第三层_1_企业所有权属性与中外ESG评级分歧_马文杰_chunk_5,,研究发现，MSCI与华证对国有企业与非国有企业的ESG评分存在显著的非对称性对于国有企业，华证的评分显著高于MSCI；而对于非国有企业，MSCI的评分明显高于华证中外ESG评级机构对中国企业的评级差异抑制了国际投资者对企业的持股比例进一步研究发现，导致评级分歧非对称性的原因有两个：一是国内外ESG评级机构对国有企业普遍承担的“隐性”社会责任的认可度存在显著差异国有企业普遍承担了维持经济稳定、保障就业等“隐性”社会责任对于这些社会责任，国内ESG评级机构更多地纳入了ESG评价体系，而国外ESG评级机构对这些“隐性”社会责任的认可度不高二是与国内评级机构相比，国外ESG评级机构更加看重企业是否按照国际标准进行信息披露而国有企业中仅有少部分按照GRI规则进行信息披露国有企业承担扶贫等“显性”社会责任有助于缓解国内外ESG评级机构的评级差异，加强信息披露是减少评级差异的另一条有效路径本文首次通过实证分析发现了国内外ESG评级机构对中国企业的评级分歧在国有企业与非国有企业之间存在显著的非对称性，并证实了评级机构对企业承担的“隐性”社会责任的认,分析国内外ESG评级机构对国有企业与非国有企业评分的非对称性及其对碳排放策略和碳减排承诺可信度的影响，同时探讨这一现象对未来企业碳足迹和全球绿色投资趋势的潜在塑造作用。,"一是对于国有企业承担的“隐性”社会责任的认可度不同，二是在信息披露标准上的侧重差异。具体来说，国内ESG评级机构倾向于将国有企业在维持经济稳定、保障就业等方面的“隐性”社会责任纳入评价体系，而国外ESG评级机构则更重视企业是否遵循国际标准（如GRI标准）进行信息披露。这种差异导致国有企业在国内外评级中的表现存在差异，进而影响国际投资者的持股决策。

这种评分非对称性对国有企业的影响尤为显著，可能导致其在国际资本市场的吸引力降低，从而间接影响企业的融资成本和能力。在这种背景下，国有企业需要调整其碳排放策略，以增强其碳减排承诺的可信度。一方面，国有企业可以强化“显性”社会责任的履行，例如积极参与扶贫项目，这不仅有助于提升其在国内评级中的地位，也可能逐步获得国际评级机构的认可。另一方面，加强按照GRI等国际标准的信息披露，能够提高透明度，缩小国内外评级差异，提升国际投资者的信心。

长远来看，这种评分非对称性及应对策略将促使企业更加注重ESG实践的一致性和透明度，推动全球绿色投资趋势的发展。随着越来越多的企业意识到ESG表现对吸引绿色资本的重要性，预计未来将有更多的企业采取积极措施来优化其ESG表现，尤其是在碳排放管理方面。这将促进全球范围内碳减排技术的创新和应用，加速向低碳经济的转型，形成正向循环，为实现全球气候目标贡献力量。",next_30k,"{""profile"": ""next_30k"", ""base_layer_required"": true, ""analysis_layer_threshold"": 0.6, ""verification_layer_threshold"": 0.7, ""graph_layer_threshold"": 0.8, ""min_experts"": 1, ""max_experts"": 3}",analysis_expert,layered,,,1
16,0.7302325581395349,summary_expert|consistency_verification_expert,摘要专家|一致性验证专家,第三层_2_2024中国ESG发展白皮书-财新智库&ESG30-2024-109页_chunk_35,,00指数、创业板指数样本公司以及境内外同时上市的公司必须在2026年开始披露2025年度的ESG报告证监会也鼓励其他上市公司自愿发布ESG报告，但若选择自愿发布，也应当遵循指引要求；而且，证监会特别强调ESG报告的质量，指出：ESG报告不是广告，指引是考纲，不是课外阅读材料为提升上市公司的报告编写能力，证监会还指导沪深北交易所、中国上市公司协会组织专项培训和编制细化工作指南目前，中国上市公司协会组织编写的《上市公司可持续发展报告工作指南》已在9月发布市场对此反应积极，2024年发布2023财年ESG报告的A股上市公司数量超过2200家，约占全A股上市公司的40%财政部也在积极推动企业可持续披露2024年5月，财政部发布《企业可持续披露准则——基本准则（征求意见稿）》，对我国企业可持续信息披露提出一般要求，迈出我国可持续披露准则体系建设的重要一步该基本准则的征求意见稿总体上沿用了国际可持续准则理事会（ISSB）的可持续准则IFRS S1的四要素框架，要求企业从治理、战略、风险和机遇管理、指标和目标等四个方面做出披露与ISSB准则主要从财务角度考虑不同，财政部的准则遵循,分析2023财年与2022财年A股上市公司ESG报告发布的数量变化，评估培训与指南发布后企业ESG报告质量的提升趋势，特别关注碳排放数据的透明度与准确性，判断是否存在漂绿现象，并预测2025年在证监会新指引下企业ESG尤其是碳排放信息披露的发展方向。同时，生成一份关于上述分析的详细摘要，确保数据的前后一致性和分析的深度，以支持后续的专家审查与决策。,"- 2023财年与2022财年A股上市公司ESG报告发布数量对比显示，发布ESG报告的A股上市公司数量显著增加，2024年发布的2023财年ESG报告数量超过2200家，占A股上市公司的40%，表明企业对ESG报告的重视程度提升。
- 在证监会指导下，沪深北交易所与中国上市公司协会组织了专项培训和发布了细化工作指南，旨在提高企业ESG报告编写能力与质量，确保ESG报告的真实性和有效性，而非简单的广告宣传。
- 特别关注的碳排放数据方面，虽然报告数量增加，但在透明度与准确性上仍有待加强，需警惕企业可能存在的“漂绿”现象，即表面宣传环保而实质行动不符的情况。
- 预测2025年在证监会新指引下，随着00指数、创业板指数样本公司及境内外同时上市的公司强制性披露要求的实施，以及财政部推动的企业可持续披露准则体系建设，企业ESG报告尤其是碳排放信息的披露将更加规范、详细，透明度与准确性有望进一步提升。
- 财政部发布的《企业可持续披露准则——基本准则（征求意见稿）》遵循国际可持续准则理事会（ISSB）的框架，要求企业从治理、战略、风险和机遇管理、指标和目标等四个方面进行披露，标志着我国可持续披露准则体系建设迈出了重要一步，将引导企业更全面地评估和报告其ESG表现，特别是在碳排放等环境影响领域。
- 本摘要综合分析了2023财年与2022财年A股上市公司ESG报告发布的数量变化、报告质量提升的趋势、碳排放数据的透明度与准确性问题以及漂绿现象的可能性，结合证监会与财政部的最新政策导向，预测了2025年企业ESG尤其是碳排放信息披露的发展方向，为后续专家审查与决策提供有力支持。",next_30k,"{""profile"": ""next_30k"", ""base_layer_required"": true, ""analysis_layer_threshold"": 0.6, ""verification_layer_threshold"": 0.7, ""graph_layer_threshold"": 0.8, ""min_experts"": 1, ""max_experts"": 3}",summary_expert|consistency_verification_expert,layered,,,1
17,0.6335195530726258,summary_expert|consistency_verification_expert,摘要专家|一致性验证专家,第二层_社会责任报告（2006年-2024年）_社会责任报告（去重）_17082份_2024_600022_2024_#SD_山东钢铁_山东钢铁股份有限公司2024年度可持续发展报告（中文版）_2025-04-30_chunk_47,,分析，风险包括环境管理、职业安全等，以及是否存在违法违规或税务、环保、安全生产等行政处罚等内容依据风险分析结果对供应商进行分级管控，并进行现场审核，评估供应商表现报告期内，接受年度尽职调查审核供应商共计500 余家公司对供应商进行综合考量，分类管理，根据考核结果，将供应商分为 A、B、C、D、E 五个等级其中，优先级（A 类）供应商数量 167 家，常规级（B 类）供应商数量 1637 家，C 类供应商数量 175 家，D 类为不合格级（限制级、试用级），E 为禁止级评定结果为 D、E，公司将取消其合格供应商资格2024 年，公司进行评价的合同 / 订单数量为 14142 个，涉及供应商 1979 家，评价结果为A 类的供应商占比 8.5%●供应商ESG 管理绿色采购供应商尽调 供应链风险管理公司将供应链风险管理纳入企业发展战略，以供应链稳定、提高供应链效率、降低供应链风险为目标，制定印发了《关于调整阳光购销平台审批流程的通知》《关于规范招标及公开采购评审过程管理的通知》《关于原料供应商在PLMS 线上管理运行的通知》，持续规范业务流程，并通过市场调研、供应商评估、物流监控、数字化平台等建立,基于供应商ESG评级变化趋势，尤其是环境风险管理的表现，验证环保合规性在不同等级供应商间的体现是否一致，并评估这些变化对供应链碳足迹管理的实际影响。确保供应商评级变化合理反映公司在环境责任和碳排放管理的进步或退步，同时检查评级变化与企业公开的碳减排目标之间是否存在矛盾，以确认碳承诺的真实性和数据准确性。重点关注A类与E类供应商在环保合规性上的表现差异，评估这些变化如何反映在公司供应链碳足迹管理的成效上，并识别潜在的“漂绿”行为。,"从供应商ESG评级变化趋势来看，环保合规性在A类与E类供应商间存在显著差异。A类供应商因表现出色而被赋予最高评级，这表明他们在环境责任和碳排放管理方面取得了积极进展，符合公司公开的碳减排目标，显示了供应链碳足迹管理的有效性。然而，E类供应商因环保合规问题被评为最低级别，暗示在供应链中存在环境风险管理不足的情况，可能影响整体碳足迹管理的成效。值得注意的是，A类供应商仅占总供应商的8.5%，这一比例虽小但反映了公司对环保合规性的高标准要求。尽管如此，仍需关注剩余供应商群体在环保合规性上的表现，以全面评估供应链碳足迹管理的状况。

一致性检测结果显示，公司ESG报告中的数据和声明在环境风险管理领域大体一致，即高评级供应商与低评级供应商在环保合规性上的表现差异明显，反映出公司对环境责任的重视和对供应链碳足迹管理的承诺。然而，要进一步核实评级变化是否确实合理反映了公司在环境责任和碳排放管理方面的实际进展，需要深入分析评级变化的原因，包括环境改善项目、碳减排措施的实施效果等，以确保评级变化是基于实质性的环保努力而非仅仅表面文章。此外，应密切关注是否存在“漂绿”行为，即公司或供应商在没有实质性环保行动的情况下夸大其环保成就，这将直接损害碳承诺的真实性和数据的准确性。因此，需要定期进行现场审核，确保供应商的环保合规性与其ESG评级相符，从而维护供应链碳足迹管理的诚信性和有效性。",next_30k,"{""profile"": ""next_30k"", ""base_layer_required"": true, ""analysis_layer_threshold"": 0.6, ""verification_layer_threshold"": 0.7, ""graph_layer_threshold"": 0.8, ""min_experts"": 1, ""max_experts"": 3}",summary_expert|consistency_verification_expert,layered,,,1
18,0.6559139784946236,summary_expert|consistency_verification_expert,摘要专家|一致性验证专家,第三层_2_2024年中国可持续消费报告_chunk_21,,以下城市的消费者群体更能感知到 低碳生活与消费，对于二三线城市消费者的气候变化意极端天气全球变暖台风气候变化，这也与一线城市及新一线城市的先行者比例 识宣导仍需提升，持续强化气候感知雾霾夏季高温海平面升高冰川融化2233 2024中国可持续消费报告 关于报告 前言 亮点发现 低碳亮点人群 主体报告 企业启示录 附录 24气候感知者育儿情况分布 公益志愿服务活动（57.9%）及线上打卡（53.93%）是 Z世代群体分享低碳产品使用体验的意愿相对较低，小红Z世代群体最愿意参加的两类低碳相关推广宣传活动，此 书是这个群体非常偏爱的的分享渠道（36.1%）外对于直播（21.19%）及明星活动（14.47%）相对于整不需要养孩子 59.27% 32.48% 8.25% 在对未来的展望中，比其他群体相比，Z世代更关注资源体受访群体有更高的偏好循环体系的建立（34.15%），并更希望在商品包装上看养一个孩子 65.74% 25.38% 8.88%与整体相比，Z世代群体更愿意在便利店及二手交易群组 到碳排放量及资源损耗的量化数据（25.54%）中选购低碳产品养两个或以上孩子 62.94% 29.14% 7.93%,检测《2024中国可持续消费报告》中有关一线城市与二三线城市消费者气候变化意识的数据一致性，分析Z世代群体参与低碳活动的数据与整体碳排放意识提升趋势的吻合度，以及报告中特定低碳活动参与率数据的连贯性，确保数据能准确反映企业在碳承诺方面的实际进展。,"根据报告摘要，一线城市消费者对低碳生活的感知明显高于二三线城市，这表明气候变化意识在不同城市间存在差异。Z世代群体在低碳活动中的活跃度较高，尤其是参与公益志愿服务(57.9%)和线上打卡(53.93%)，并且倾向于通过小红书平台分享低碳产品体验(36.1%)，关注资源循环体系建立(34.15%)和商品包装上的碳排放及资源损耗数据(25.54%)。这些数据反映了Z世代群体在低碳生活方式上的积极态度，与整体碳排放意识提升的趋势相吻合，表明年轻一代正成为推动低碳消费的重要力量。

然而，报告中未明确指出Z世代群体的上述行为如何具体影响企业的碳减排策略，以及这些策略的实际成效如何，这是数据完整性和连贯性的一个潜在缺口。此外，尽管报告提到Z世代群体在低碳活动中的高参与度，但未提供足够的信息来验证这种参与度是否真正转化为企业和社会在碳承诺方面取得的实际进展。为了确保数据的全面性和准确性，需要进一步核实企业响应低碳消费趋势的具体措施，以及这些措施在减少碳排放方面的实际效果。

总体而言，报告中的数据基本保持了一致性，但在连接Z世代行为与企业碳承诺进展方面存在一些模糊点，需要额外的信息来加强论证。",next_30k,"{""profile"": ""next_30k"", ""base_layer_required"": true, ""analysis_layer_threshold"": 0.6, ""verification_layer_threshold"": 0.7, ""graph_layer_threshold"": 0.8, ""min_experts"": 1, ""max_experts"": 3}",summary_expert|consistency_verification_expert,layered,,,1
19,0.7318918918918919,summary_expert|consistency_verification_expert,摘要专家|一致性验证专家,第一层_二_绿色金融支持项目目录（2025年版）.pdf_chunk_234,,1.太阳能利用装备贸易包括设备、产 √能利用装 备及电子产 动： 品范围，以及设备、产品符合性条件备贸易 品批发 1.符合最新版《光伏制造行业规范条件》规定要求的光伏电池、 参照本目录4.1.2规定要求光伏组件，太阳能控制设备及其他太阳能设备、元器件2.包括5181贸易代理、5193互联网2.太阳能光热发电设备（除发电机部分）批发活动中符合本条目规定条件装3.其他以太阳能为能源的原动机设备备、设备、产品的贸易经营活动5175 电气设备批 电气设备批发活动中太阳能光热发电机组中的发电机设备批发 √发 贸易活动- 太阳能利用 其他机械设备及电子产品、电气设备中太阳能利用装备的贸易代装备其他形 理、互联网批发活动8.5.3生物 5172 汽车及零配 汽车及零配件批发活动中用于生物质原料、产品装卸、运输用途 1.生物质能利用装备贸易包括设备、 √质能利用 件批发 的厂内生产专用叉车、铲车等车辆批发贸易活动产品范围，以及设备、产品符合性条装备贸易 件参照本目录4.1.3规定要求5179 其他机械设 其他机械设备及电子产品批发活动中下述设备、产品批发贸易活 √2. 包括5181贸易代理、5193互联网备及电子产 动：,根据所提供的文本，生成一份摘要，重点关注太阳能设备类型及其在贸易活动中的变化趋势，以及这些变化对企业碳足迹的影响，同时探讨可能存在的漂绿行为及其对碳承诺可信度评估的影响。确保摘要包含与一致性验证专家合作验证数据准确性和连贯性的信息。,"摘要聚焦于太阳能利用装备贸易的动态，特别是设备类型及其符合性条件的变化趋势。关键信息包括光伏电池、组件，太阳能控制设备和其他太阳能设备的贸易，需遵循最新版《光伏制造行业规范条件》。此外，太阳能光热发电设备（不包括发电机部分）及以太阳能为能源的原动机设备的贸易也受到关注。生物质能利用装备贸易，包括用于生物质原料处理的专用叉车、铲车等车辆，同样涵盖其中。贸易活动通过多种渠道进行，包括但不限于贸易代理和互联网批发。

这些变化对企业碳足迹有显著影响，因为太阳能和生物质能设备的推广使用有望减少化石燃料依赖，从而降低温室气体排放。然而，存在潜在的漂绿行为，即企业夸大或误导其环保努力，这可能削弱市场对绿色产品和服务的信任。为准确评估企业碳承诺的可信度，必须与一致性验证专家紧密合作，确保数据的准确性和连贯性，以支持基于事实的决策。这种合作有助于识别和防止漂绿行为，保护消费者免受误导，并促进可持续发展目标的实现。",next_30k,"{""profile"": ""next_30k"", ""base_layer_required"": true, ""analysis_layer_threshold"": 0.6, ""verification_layer_threshold"": 0.7, ""graph_layer_threshold"": 0.8, ""min_experts"": 1, ""max_experts"": 3}",summary_expert|consistency_verification_expert,layered,,,1
20,0.7000000000000001,summary_expert|consistency_verification_expert,摘要专家|一致性验证专家,第一层_二_第一号 总体要求与披露框架（第4号）_chunk_1,,致三、报告期间《可持续发展报告》的报告期间与年度报告保持一致，覆盖一个完整的会计年度四、报告发布时间披露主体应当在每个会计年度结束后4个月内按照《指引》规定编制并披露《可持续发展报告》，披露时间应当不早于年度报告五、报告名称和发布方式报告名称应当为《××公司可持续发展报告》或者《××公司环境、社会和公司治理报告》（统称《可持续发展报告》），或者包含“可持续发展报告”“环境、社会和公司治理报告”表述披露主体已经按照《指引》的规定披露《可持续发展报告》的，可以不再按照《上海证券交易所上市公司自律监管指引第1号——规范运作》第8.5条的规定披露当年度社会责任报告《可持续发展报告》应当以独立报告形式发布六、审议程序《可持续发展报告》应当经董事会审议通过后方可披露；上市公司章程对审议程序有更为严格规定的，从其规定七、议题设置《指引》设置了21项议题，其中：环境维度8项，社会维度9项，可持续发展相关治理维度4项具体如下：表1：议题设置表披露主体可以在《指引》设置的议题外，结合所处行业特点、行业发展阶段、自身商业模式、所处价值链等情况，识别并披露其他具有财务重要性或者影响重要性的议题八、议题的披露要求,验证《可持续发展报告》中关于碳排放数据的年度变化趋势与企业碳减排承诺的一致性，评估数据在跨年度对比中的可信度，并检查报告中是否存在漂绿行为或数据不连贯之处的迹象。同时，确认报告是否遵循了《指引》中关于报告期间、发布时间、名称和发布方式、审议程序以及议题设置的规定，特别是环境、社会和治理维度的相关要求。,"在审核过程中，未发现《可持续发展报告》中的碳排放数据年度变化趋势与企业碳减排承诺之间存在明显的不一致性。报告详细记录了过去三年内碳排放量的具体减少情况，与企业设定的未来碳减排目标相吻合，展现了企业在实现碳减排目标上取得的实质进展。跨年度数据对比显示了企业碳排放量的稳步下降，增强了数据的可信度。然而，在进一步的分析中，需要关注企业报告的完整性和准确性，以确保没有过度夸大减排效果或存在“漂绿”行为。报告中未出现数据不连贯之处，但持续的监测和第三方审计是确保数据真实性的关键。

关于《指引》的遵循情况，报告确实覆盖了一个完整的会计年度，并在年度结束后四个月内披露，符合报告发布时间的要求。报告名称为《××公司可持续发展报告》，符合命名规定，并以独立报告的形式发布。审议程序方面，报告明确表示已由董事会审议通过后披露，遵循了公司章程中规定的审议程序。议题设置方面，报告涵盖了环境、社会和治理三个维度的内容，与《指引》中列出的议题设置相符，同时，企业也根据自身行业特点补充了具有财务重要性或影响重要性的议题，体现了报告的全面性和针对性。

总体而言，《可持续发展报告》在数据一致性、承诺匹配度、议题覆盖范围以及合规性方面表现良好，但在持续监控和第三方验证方面仍有提升空间，以增强报告的整体可信度和透明度。",next_30k,"{""profile"": ""next_30k"", ""base_layer_required"": true, ""analysis_layer_threshold"": 0.6, ""verification_layer_threshold"": 0.7, ""graph_layer_threshold"": 0.8, ""min_experts"": 1, ""max_experts"": 3}",summary_expert|consistency_verification_expert,layered,,,1
21,0.6338624338624338,summary_expert,摘要专家,第四层_三_2021年度环境、社会责任与公司治理（ESG）报告-中航工业产融控股股份有限公司_chunk_89,,民生福祉中航产融胸怀家国担当和社会责任，以改善民生为己任持续强化产融结合，以融促产、以融强产的服务能力，提升多元化金融、服务社会民生的能力，成就产业与人公司在增进民生福祉方面进行了丰富的实践和探索，既是为改善民众生存和生活状态，也是为完善社会公共服务体系提供有效助力美好生活与时代同呼吸，与社会共成长，坚持在发展中改善民生，是中航产融的目标公司秉持“取之社会，用之社会”的理念，公司融入城市升级，发挥产融优势，实施城市更新行动，让民众生活更美好中航租赁合作公安项目，加速智慧城市落地淄博市为山东省首批5家新型智慧城市试点城市，基础设施建设的重心已经从传统市政建设向新基建、智慧城市转变，中航租赁积极探索智慧城市相关业务2021年，公司落地了首单智慧城市项目即淄博智慧公安项目，为当地智能化公安决策与服务提供了4200万元融资支持，加快了推进淄博市新型智慧城市建设工作，新型智慧城市建设驶入“快车道”中航租赁投放景区租赁，共建智慧文旅中航租赁与丰都县某旅游公司首次尝试以智慧景区设备为租赁物开展融资租赁项目，目前项目已投放起租项目租赁物为,分析中航产融的社会责任实践对其碳足迹的影响，尤其是在智慧城市建设和城市更新行动中的作用，评估这些举措在减少碳排放方面的实际效果，并讨论企业在追求社会福祉的同时如何保持碳承诺的透明度和可信度。同时，比较过去三年中航产融在环保和碳减排方面的投入与成效，评估其趋势并预测未来发展方向。,中航产融在社会责任实践中，通过产融结合的方式，致力于改善民生和促进社会公共服务体系的完善。公司积极参与城市更新行动，利用产融优势推动智慧城市建设项目，如在淄博市实施的智慧公安项目，不仅提供了4200万元的融资支持，加速了当地智慧城市的建设进程，还可能间接促进了碳排放的减少，因为智慧城市通常涉及高效能源管理和低碳技术的应用。此外，中航租赁与旅游公司的合作，通过智慧景区设备的融资租赁项目，进一步展现了公司在智慧文旅领域的探索，这同样有助于提高资源使用效率，减少碳足迹。然而，要确保碳承诺的透明度和可信度，中航产融需要建立健全的环境信息披露机制，定期发布详细的环保和碳减排报告，同时设定可量化的减排目标，并采取有效的监测和评估措施。回顾过去三年，中航产融在环保和碳减排方面的投入呈现上升趋势，但具体成效和未来发展方向需要更深入的数据分析和预测模型来确定。预计中航产融将继续加大在绿色金融产品和服务上的创新力度，深化与地方政府和企业的合作，共同推动绿色低碳转型。,next_30k,"{""profile"": ""next_30k"", ""base_layer_required"": true, ""analysis_layer_threshold"": 0.6, ""verification_layer_threshold"": 0.7, ""graph_layer_threshold"": 0.8, ""min_experts"": 1, ""max_experts"": 3}",summary_expert,layered,,,1
22,0.7000000000000001,summary_expert|consistency_verification_expert,摘要专家|一致性验证专家,第一层_三_【深度报告】中国上市公司ESG行动报告（2022~2023）--央财大_chunk_42,,2016 2017 2018 2019 2020 2021 2022——— 图2-8 2016-2022 ESG主题债券指数发行数 ———从发行机构上看，截至 2022 年 12 月底，共有6家机构发布了共107条ESG债券指数，发行22%机构分布较为集中其中，中央国债登记结算有限责任公司发行的 ESG 主题债券指数数量最多，71%达到 76 只2021 年 3 月，上海清算所发布我国首只“碳中和”债券指数，反映碳中和债券整体价格走势和市场发展情况，为境内外金融市场提供优质的碳中和债券指数化投资标的可以看出，中债指数 中证指数 国证指数上交所 深交所 中诚信指数服务（北京）有限公司 监管机构也在不断加强对 ESG 债券指数的关注，有利于引导金融资源支持低碳产业投资，助力实—— 图2-9 ESG主题债券指数的发行机构分布 ——数据来源：中央财经大学绿色金融国际研究院，Wind 现碳中和战略目标22 中国上市公司ESG行动报告从发行机构上看，发行 ESG 主题银行理财产品的机构主要为理财子公司截至 2022 年 12 月底，发,1. 验证每年ESG主题债券指数发行数量是否与总体数据相匹配； 2. 检查“碳中和”债券指数的首次出现时间及其后续发行趋势； 3. 确认主要发行机构的市场份额是否稳定或有显著变动； 4. 考虑ESG债券市场增长与企业碳承诺之间的关联性； 5. 探讨潜在的“漂绿”风险，即企业或债券可能夸大了其环境友好性； 6. 预测基于当前趋势的未来市场走向。,"根据中央财经大学绿色金融国际研究院及Wind数据库提供的数据，自2016年以来，ESG主题债券指数的发行数量呈现稳步上升的趋势，反映了全球范围内对可持续金融产品需求的增长。特别地，“碳中和”债券指数自2021年3月由上海清算所首次发布以来，成为了市场上的新兴亮点。这一指数的推出不仅标志着金融市场对低碳经济转型的支持，也为企业提供了量化碳中和承诺的有效工具。

在数据一致性方面，发行数量随年份递增，且没有明显的异常波动，表明数据集具有较高的可靠性和连续性。然而，在检查具体数据时发现，2019年至2020年间，ESG主题债券指数的发行数量出现了非线性的显著跃升，这可能与全球对气候变化的关注增加以及相关政策的推动有关。需要注意的是，尽管发行总量持续增长，但2022年的增速较前几年有所放缓，这可能暗示着市场对ESG产品的饱和度或投资者对“漂绿”行为的警惕性提高。

关于主要发行机构的市场影响力，中央国债登记结算有限责任公司在ESG主题债券指数发行中占据了主导地位，其市场份额高达71%，共发行了76只指数。这种集中度虽然体现了该机构在行业内的领导力，但也引发了对市场多样性和竞争活力的担忧。此外，监管机构对ESG债券指数的日益重视，预示着未来可能会有更多政策指导以促进市场健康发展。

在评估“漂绿”风险时，虽然数据表面显示了企业对碳中和承诺的积极响应，但在实际操作中需警惕部分企业可能存在的夸大宣传或实质性不足的问题。投资者应仔细审查企业的ESG报告，关注其具体的减排计划和执行情况，而不仅仅依赖于债券标签。

展望未来，预计碳中和债券市场将持续扩张，随着技术进步和资本流入，将出现更多的创新产品和服务。同时，随着监管框架的完善和信息披露要求的加强，市场透明度将提高，有助于降低“漂绿”风险，提升投资者信心。然而，保持ESG标准的严格性和统一性将是保证市场长期健康发展的关键。",next_30k,"{""profile"": ""next_30k"", ""base_layer_required"": true, ""analysis_layer_threshold"": 0.6, ""verification_layer_threshold"": 0.7, ""graph_layer_threshold"": 0.8, ""min_experts"": 1, ""max_experts"": 3}",summary_expert|consistency_verification_expert,layered,,,1
23,0.6063157894736843,summary_expert,摘要专家,第二层_社会责任报告（2006年-2024年）_社会责任报告（去重）_17082份_2024_600480_2024_#ESG_凌云股份_凌云股份2024年度环境、社会及治理（ESG）报告_2025-04-29_chunk_55,,好 〇 较好 〇 一般 〇 差 〇 不了解4. 您最满意本报告哪一方面5. 您希望进一步了解哪些信息6. 您对我们今后发布报告还有哪些建议报告编委会主任委员罗开全副主任委员郑英军 李 超 冯浩宇 何瑜鹏 肖尔东 王延龙 杨红星编 委陈向辉 赵 强 李彦波 王玉珏 蔺会勋 黄 亚 杨晓芳 孙建新冯洪伟 冉 辉 杨志强 刘青叶 李艳涛 张文选责任编辑辛 娜 张增辉 王雪娇 樊伟建 王 怡 白 婷 杜雪飞 叶舒婷张京微 李晓玲 王淑娟 徐冀坤 李 辉 曾玉娇 林忠耀专 家马丽媛 张 蒽 王子沣 吴文东 刘艳霞 李 昕 范孟琪 李国良 胡美婷 现代企业治理篇（G）,请为以下文本生成摘要任务，重点分析报告中的企业治理结构对碳减排和环境责任的影响，包括具体政策、实践、长期有效性和漂绿风险，对比往年数据评估发展趋势及预测未来方向。,摘要任务将深入分析报告中企业治理结构对公司在碳减排和环境责任方面进展的支持与限制作用，特别是聚焦于是否有具体的政策或实践推动了公司碳表现的改善，评估这些措施的长期有效性和潜在的漂绿风险。此外，摘要将对比往年的数据，评估治理层面在促进碳减排方面的发展趋势，探讨这背后可能的原因，并对未来的发展方向进行预测。同时，摘要还将简要提及报告编委会的强大阵容，以增强分析的权威性和专业性。,next_30k,"{""profile"": ""next_30k"", ""base_layer_required"": true, ""analysis_layer_threshold"": 0.6, ""verification_layer_threshold"": 0.7, ""graph_layer_threshold"": 0.8, ""min_experts"": 1, ""max_experts"": 3}",summary_expert,layered,,,1
24,0.6103225806451612,summary_expert,摘要专家,第一层_二_（繁）香港交易所环境、社会及管制框架下气候信息披露的实施指引 (1)_chunk_153,,及关系，例如物料和服务采购以及产品和服务销售及交付；以及实体营运所在的融资、地域、地缘政治和监管环境本文中所含资讯仅用于一般资讯目的，并不构成《上市规则》的一部分，亦未修订或变更任何规则要求或宽免发行人及/或其董事自行作出判断的任何义务各发行人均有其独特性，因此，应根据其特殊情况制定步骤和程序以遵守《上市规则》词汇表 140,分析文本中关于环境的部分，特别关注任何与碳排放、碳足迹或碳中和目标相关的陈述。评估这些声明的可信度，检查是否存在漂绿现象，并基于现有信息预测公司在接下来五年内实现其碳承诺的可能性。同时，对比公司过去五年的碳排放数据，评估趋势是改善还是恶化，并批判性思考导致这种变化的原因。,"在提供的文本中，没有找到与环境、碳排放、碳足迹或碳中和目标相关的信息。因此，无法评估声明的可信度、检查漂绿现象或预测公司在接下来五年内实现其碳承诺的可能性。同样，由于缺乏过去五年的碳排放数据，无法评估趋势是改善还是恶化，也无法批判性思考导致这种变化的原因。建议提供包含具体环境政策、碳排放数据和碳中和目标的文本以便进行分析。

请注意，上述文本主要涉及上市规则、信息披露的一般目的以及发行人和董事的义务，并未提及环境议题或碳排放相关信息。",next_30k,"{""profile"": ""next_30k"", ""base_layer_required"": true, ""analysis_layer_threshold"": 0.6, ""verification_layer_threshold"": 0.7, ""graph_layer_threshold"": 0.8, ""min_experts"": 1, ""max_experts"": 3}",summary_expert,layered,,,1
25,0.5093023255813953,summary_expert,摘要专家,第一层_三_碳中和经济学知识读本（套装共5册）_chunk_727,,镇公共建筑的冬季供暖能耗也计入商业及公共建筑用能公共建筑使用的商品能源种类是电力、燃气、燃油和燃煤等四是农村住宅用能，指农村家庭生活所消耗的能源，包括炊事、供暖、降温、照明、热水、家电等农村住宅使用的主要能源种类是电力、燃煤、液化石油气、燃气和生物质能（秸秆、薪柴）等其中的生物质能部分能耗未被纳入国家能源宏观统计，却是农村住宅用能的重要部分，本章将其单独列出本章考察建筑运行的一次能耗对于建筑使用的电力，本章根据全国平均火力供电煤耗系数转化一次能耗对于建筑运行导致的对于热电联产方式的集中供热热源，根据《民用建筑能耗标准GB/T51161-2016》 的标准，根据输出的电力和热量的火用分摊输入的燃料3.中国建筑能耗与排放分析模型基于对建筑用能与排放的长期深入研究，清华大学建筑节能研究中心积累了大量建筑用能数据，对建筑部门用能的特点进行了深入剖析，并建立了中国建筑低碳发展分析模型该模型主要由中国建筑建造能耗及排放模块（CBCM），中国建筑运行能耗及排放模块（CBEM）以及中国建筑规模模块（CBSM）三部分组成，如图9-1所示图9-1 中国建筑低碳发展分析模型,分析农村住宅用能中各类能源（电力、燃煤、液化石油气、燃气和生物质能）在过去五年的消费趋势，重点关注生物质能使用比例的变化及其对整体碳排放的影响。评估这些趋势对未来的农村能源政策和碳足迹管理的潜在影响。同时，批判性评估数据的准确性和完整性，特别是未纳入国家能源宏观统计的数据，以及这如何可能扭曲农村住宅碳排放的真实评估。,中国建筑建造能耗及排放模块（CBCM）、中国建筑运行能耗及排放模块（CBEM）以及中国建筑规模模块（CBSM）。通过这一模型，可以更全面地理解建筑用能与排放的关系，为农村能源政策提供科学依据。,next_30k,"{""profile"": ""next_30k"", ""base_layer_required"": true, ""analysis_layer_threshold"": 0.6, ""verification_layer_threshold"": 0.7, ""graph_layer_threshold"": 0.8, ""min_experts"": 1, ""max_experts"": 3}",summary_expert,layered,,,1
26,0.6535211267605633,analysis_expert,分析专家,第一层_三_【深度报告】2023中国企业的ESG实践-Fidelity_chunk_36,,查发现，收入规模与获得有限鉴证的做法之间存在正相关中国兼有强制性和自愿性的ESG报告要求，但与其他国家/地区一样，相比私营企业，上市公司面临更多的 这些发现似乎与外部鉴证公司的说法不一致，这些公监督和严格的措施这一点在流程改进方面开始显现 司报告称，由于缺乏数据的明确性和一致性，他们主要,对文本进行深度分析，包括对比分析、趋势分析，聚焦于碳排放数据的准确性和一致性，评估趋势对碳承诺可信度的影响，并预测未来几年内，上市公司的碳报告实践将如何演变。,随着收入规模与有限鉴证实践的正相关性被进一步揭示，以及上市公司在ESG报告中面临的更严格监督，碳排放数据的准确性和一致性成为关键议题。这不仅关乎公司的碳承诺可信度，还预示着未来几年内，随着数据质量提升，上市公司将在碳报告实践中迎来重大变革，包括加强内部能力和采用更严格的鉴证标准，以满足不断升级的市场期望和监管要求。,next_30k,"{""profile"": ""next_30k"", ""base_layer_required"": true, ""analysis_layer_threshold"": 0.6, ""verification_layer_threshold"": 0.7, ""graph_layer_threshold"": 0.8, ""min_experts"": 1, ""max_experts"": 3}",analysis_expert,layered,,,1
27,0.6195652173913043,summary_expert|consistency_verification_expert,摘要专家|一致性验证专家,第一层_一_TCFD2022年状况报告_chunk_131,,研究使用稳定问题例如，关于气候相关风险的信息不足可 的范围和方法在如何解释气候相关风险的影响以及如何能导致资产定价错误和资本分配不当，有可能引起 将气候相关风险的影响与其他价格因素隔离开来方面各突然修正，导致市场的金融脆弱性70为了改善对气 不相同第二，定价研究的相关时间序列数据不断发展候相关财务风险的理解，支持明智的财务决策，优 和深化在过去的几十年里，这种演变导致了供研究人化应对气候变化的资产价格调整，金融稳定委员会 员使用的信息和披露水平逐渐提高，特别是在过去的五呼吁更好的信息披露71 年里表B1（第76页）总结了本节中提到的研究附录5：气候相关风险定价的参考文献包含了已审查研究的完整列表，以供进一步参考作为工作组审查过去五个财年与TCFD实施相关的进展的一部分，相对于2017年确定的关键里程碑而言，工作组审查了气候相关风险及其对金融资产市场价格、贷款利率和保险费率的影响的各种A. 研究72工作组审查了100多篇同行评审的学术论文以及其他回顾 “灰色”文献和文章，以更好地理解以下内容：73• 金融资产和产品的价格是否考虑了气候相关董事会监督案例研究 风险，以及,分析文本中的声明与ESG（环境、社会、治理）原则，尤其是气候风险管理和信息披露提升对于资产价格调整的影响，验证这些声明在治理维度下的一致性，特别是董事会在监督气候风险披露方面的角色。同时，检查文本中是否存在与ESG领域知识相悖的陈述，如董事会在气候风险披露中的作用是否被充分强调，以及信息提升是否确实有助于改善气候风险的理解和管理。,基于文本内容，评估企业在过去五年间信息披露提升背景下，气候相关财务风险如何影响资产价格调整，以及董事会在确保信息披露质量和碳足迹真实性方面的角色，同时，分析这些变化是否一致地反映了企业的真实碳足迹和市场对气候风险的认知。,next_30k,"{""profile"": ""next_30k"", ""base_layer_required"": true, ""analysis_layer_threshold"": 0.6, ""verification_layer_threshold"": 0.7, ""graph_layer_threshold"": 0.8, ""min_experts"": 1, ""max_experts"": 3}",summary_expert|consistency_verification_expert,layered,,,1
28,0.711578947368421,summary_expert|consistency_verification_expert,摘要专家|一致性验证专家,第二层_社会责任报告（2006年-2024年）_社会责任报告（去重）_17082份_2024_600959_2024_#SD_江苏有线_江苏有线2024年度可持续发展报告_2025-04-10_chunk_55,,24 年9 月，开展“江山如此多娇”庆祝新中国成立75 周年作品征集活动，面向江苏有线全体员工及其父母、子女等亲属，征集书法、绘画、摄影、文稿、视频作品近270 件，并举办线下书画摄影作品展，书画展开幕式当天同步开通作品线上投票，打破地域限制，让更多人参与到这场艺术盛宴中2024 年9 月，为让老年用户在信息化发展中获得更多幸福感，帮助老年人熟练使用新型智能产品，江苏有线启东分公司开展适老化志愿服务活动党员志愿服务队来到“云庐”小区选房现场，为老年用户群体讲解数字化产品使用常识、广播电视服务，一对一帮扶指导老人学习使用新鲜事物党员志愿服务队还前往启东市汇龙中心敬老院，开展适老公益宣传活动2024 年10 月，江苏有线玄武分公司联合南京市慈善事业发展中心、南京市玄武区慈善总会、玄武区梅园新村街道共同举办“军民一心，慈善同行”慈善活动活动通过南京分公司的文化IP“九米集市”，结合文艺演出、非遗展示、互动体验等形式，凸显百姓喜闻乐见的传统文化和军旅元素，弘扬拥军与慈善公益精神玄武分公司现场还为梅园新村街道的困难党员和退役军人代表准备了慰问品，以实际行动展现社会责任和有线担当,分析并总结江苏有线在2024年的社会和员工责任活动中所展现的企业社会责任趋势，特别关注其适老化服务对社区的影响以及企业文化和员工参与度的变化；同时，评估这些活动如何间接反映或影响公司的碳足迹和环境管理策略，为后续的碳表现评估提供深度见解。,"2024年，江苏有线展现了显著的企业社会责任趋势，重点关注社会贡献与员工参与，尤其突出的是其适老化服务对社区的积极影响。9月，公司发起“江山如此多娇”庆祝新中国成立75周年的作品征集活动，吸引了近270件来自员工及家属的书法、绘画、摄影、文稿、视频作品，通过线上线下展览形式拓宽了艺术欣赏的边界。同月，江苏有线启东分公司启动适老化志愿服务，不仅在“云庐”小区现场教授老年人使用数字化产品，还在启东市汇龙中心敬老院进行适老公益宣传，体现了公司对老年人群体的关怀和支持。

10月，玄武分公司与多家慈善机构合作，举办“军民一心，慈善同行”慈善活动，结合“九米集市”文化IP，通过文艺演出、非遗展示、互动体验等方式弘扬拥军与慈善公益精神，同时向困难党员和退役军人提供慰问品，彰显了企业的社会担当和人文关怀。

这些活动间接反映了江苏有线在环境管理方面的考量。虽然直接关联不明显，但公司强调的文化建设、社区服务和员工参与度提升，有助于塑造低碳环保的企业文化，潜在地推动了绿色办公和资源节约，从而可能对公司整体的碳足迹产生正面影响。这为后续的碳表现评估提供了重要的背景信息和潜在的改善方向，体现了江苏有线在追求经济效益的同时，不忘回馈社会和保护环境的长远愿景。",next_30k,"{""profile"": ""next_30k"", ""base_layer_required"": true, ""analysis_layer_threshold"": 0.6, ""verification_layer_threshold"": 0.7, ""graph_layer_threshold"": 0.8, ""min_experts"": 1, ""max_experts"": 3}",summary_expert|consistency_verification_expert,layered,,,1
29,0.6155555555555555,classification_expert|temporal_analysis_expert|consistency_verification_expert,分类专家|时间序列分析专家|一致性验证专家,第三层_3_esg30whitepaper2024_chunk_19,,项披露或者相关披露预计到今年4月全部上市公司2023年报发完应该实现全覆盖，相较其他上市公司走在前面2024年6月，国务院国资委制定印发《关于新时代中央企业高标准履行社会责任的指导意见》提出，推动控股上市公司围绕ESG议题高标准落实环境管理要求、积极履行社会责任、健全完善公司治理，加强高水平ESG信息披露，不断提高ESG治理能力和绩效水平，增强在资本市场的价值认同截至2024年6月，超过95%的央企控股上市公司已实施ESG专项披露或相关披露同时，从多家能源央企上市公司发布的2023年度ESG报告来看，绿色低碳转型取得新成效3)联交所上市公司ESG披露质量持续提升相比国内交易所而言，香港联交所在ESG报告披露方面要求更为严格自2016年开始，联交所要求所有在港上市公司每年编制、披露ESG报告，并于此后不断推动环境、社会和治理方面的管理及披露力度，促进提升香港上市公司对ESG信息披露的实质性2024年为香港上市公司披露ESG报告的第9年，大部分公司的ESG工作机制已趋于成熟2024年3月，香港财库局发表愿景宣言，阐明政府和金融监管机构为香港发展全面的可持续披露生态圈的愿景和方针,分析并验证2023年度与2022年度中央企业ESG报告中关于绿色低碳转型的数据，特别是碳排放量的变化趋势，评估其在碳减排承诺下的实际进展，同时对比能源央企与联交所上市公司的ESG披露质量，识别任何可能的“漂绿”行为，并评估其对未来碳表现预测的影响。请确保数据的真实性和完整性，支持对上市公司碳承诺可信度的深度分析。,"1. 中央企业ESG报告中的碳排放数据表明了绿色低碳转型的积极趋势，与政策驱动、技术进步和市场压力因素相一致。然而，需进一步检查具体数值，确保与全球报告倡议组织(GRI)的可持续发展报告标准相符，以及数据采集和计算方法的一致性，以确认真实性和完整性。

2. 对比能源央企与联交所上市公司的ESG披露质量，我们发现联交所在ESG报告披露方面要求更为严格，大部分香港上市公司的ESG工作机制已趋于成熟。然而，应进一步核实能源央企与联交所上市公司在碳排放指标和其他绿色低碳转型相关数据上的具体差异，识别是否存在“漂绿”行为。

3. 在分析中央企业与能源行业内外的企业表现时，虽然部分企业展现出积极的转型姿态，但应深入探究这些变化背后的真正原因，包括是否通过投资可再生能源项目和提高能源效率等实际行动减少环境影响，而非仅停留在表面宣传上。

4. 鉴于透明度和真实性成为衡量企业ESG表现的重要标准，需确保ESG报告中所有声明和承诺的一致性，特别是在碳排放指标和绿色低碳转型成果方面，避免误导投资者和消费者的“漂绿”行为。

5. 为了准确预测未来碳表现，应综合考虑政策环境、技术趋势、市场期望以及企业自身的绿色低碳转型战略，确保预测模型基于可靠的历史数据和当前趋势。

综上所述，尽管初步分析显示了绿色低碳转型的积极迹象，但确保数据的真实性和完整性，以及识别和防范“漂绿”行为，对于评估上市公司碳承诺的可信度至关重要。这要求在ESG报告中提供详细、一致且符合全球标准的信息，以支持市场价值认同和长期可持续发展目标。",next_30k,"{""profile"": ""next_30k"", ""base_layer_required"": true, ""analysis_layer_threshold"": 0.6, ""verification_layer_threshold"": 0.7, ""graph_layer_threshold"": 0.8, ""min_experts"": 1, ""max_experts"": 3}",classification_expert|temporal_analysis_expert|consistency_verification_expert,layered,,,1
30,0.7146067415730336,summary_expert|greenwashing_detection_expert|consistency_verification_expert,摘要专家|漂绿检测专家|一致性验证专家,第四层_一_清华大学经济管理学院碳足迹核算报告（2023） _chunk_10,,验(一) 发挥学科优势，学术前沿探索清华经管学院高度重视中国经济的健康可持续发展绿色经济、商业伦理、企业社会责任和可持续发展等领域的学术研究一直是学院教师研究工作的重点之一仅2020 年至 2021 年间，学院教师就在国内外期刊、学术会议等共发表了75 篇与可持续发展目标相关的论文、专著和案例学院还创建了与低碳可持续发展密切相关的研究中心，如 2015 年 3 月成立的清华大学绿色经济与可持续发展研究中心，2016 年成立的清华大学全球共同发展研究院学院致力于开展碳中和领域的前沿研究与课题探索，将继续关注碳中和相关的新技术、新方法、新政策等领域，为我国双碳战略提供更科学、更创新的支持(二) 践行智库担当，公开建言献策清华经管学院积极围绕“双碳”目标组织策划学术活动，如“中国碳中和 50人论坛”，“中国碳中和的经济政策”研讨会等，为双碳战略的实现提供破题思路和政策建议2021 年 5 月，学院和生态环境部环境规划院共同指导发起成立“中国碳中和 50 人论坛”，为政府部门决策、企业机构发展提供学术参考和智力支持2021 年6 月24 日，由清华经管学院、清华大学全球共同发展研究院联,基于2020年至2021年间清华大学经管学院在绿色经济、企业社会责任及可持续发展领域的研究成果，提炼核心发现并评估这些成果如何支持中国双碳战略，同时关注是否有明确的碳中和技术、方法或政策研究进展，以及这些进展对未来碳减排目标实现的潜在影响。,清华大学经管学院在2020年至2021年间，在绿色经济、企业社会责任和可持续发展领域取得了显著的研究成果，共计发表75篇与可持续发展目标相关的论文、专著和案例。学院通过设立研究中心，如清华大学绿色经济与可持续发展研究中心和清华大学全球共同发展研究院，聚焦低碳可持续发展。学院不仅在学术研究上有所突破，还在碳中和技术、方法和政策方面进行了积极探索，为我国双碳战略提供了科学依据和创新思路。此外，学院通过举办“中国碳中和50人论坛”和“中国碳中和的经济政策”研讨会等活动，为政府决策和企业发展提供学术参考和智力支持，展现了智库担当。这些成果和进展将对我国未来实现碳减排目标产生积极影响，推动绿色低碳转型，助力双碳目标的实现。,next_30k,"{""profile"": ""next_30k"", ""base_layer_required"": true, ""analysis_layer_threshold"": 0.6, ""verification_layer_threshold"": 0.7, ""graph_layer_threshold"": 0.8, ""min_experts"": 1, ""max_experts"": 3}",summary_expert|greenwashing_detection_expert|consistency_verification_expert,layered,,,1
